--
-- PostgreSQL database dump
--

\restrict eU6JsBKikF92HzbTg9RDad5eGI7DRoFOWyebxnn6glJYAjUtE7oqXUcF1p2XFxN

-- Dumped from database version 18.3
-- Dumped by pg_dump version 18.3

SET statement_timeout = 0;
SET lock_timeout = 0;
SET idle_in_transaction_session_timeout = 0;
SET transaction_timeout = 0;
SET client_encoding = 'UTF8';
SET standard_conforming_strings = on;
SELECT pg_catalog.set_config('search_path', '', false);
SET check_function_bodies = false;
SET xmloption = content;
SET client_min_messages = warning;
SET row_security = off;

SET default_tablespace = '';

SET default_table_access_method = heap;

--
-- Name: auth_group; Type: TABLE; Schema: public; Owner: postgres
--

CREATE TABLE public.auth_group (
    id integer NOT NULL,
    name character varying(150) NOT NULL
);


ALTER TABLE public.auth_group OWNER TO postgres;

--
-- Name: auth_group_id_seq; Type: SEQUENCE; Schema: public; Owner: postgres
--

ALTER TABLE public.auth_group ALTER COLUMN id ADD GENERATED BY DEFAULT AS IDENTITY (
    SEQUENCE NAME public.auth_group_id_seq
    START WITH 1
    INCREMENT BY 1
    NO MINVALUE
    NO MAXVALUE
    CACHE 1
);


--
-- Name: auth_group_permissions; Type: TABLE; Schema: public; Owner: postgres
--

CREATE TABLE public.auth_group_permissions (
    id bigint NOT NULL,
    group_id integer NOT NULL,
    permission_id integer NOT NULL
);


ALTER TABLE public.auth_group_permissions OWNER TO postgres;

--
-- Name: auth_group_permissions_id_seq; Type: SEQUENCE; Schema: public; Owner: postgres
--

ALTER TABLE public.auth_group_permissions ALTER COLUMN id ADD GENERATED BY DEFAULT AS IDENTITY (
    SEQUENCE NAME public.auth_group_permissions_id_seq
    START WITH 1
    INCREMENT BY 1
    NO MINVALUE
    NO MAXVALUE
    CACHE 1
);


--
-- Name: auth_permission; Type: TABLE; Schema: public; Owner: postgres
--

CREATE TABLE public.auth_permission (
    id integer NOT NULL,
    name character varying(255) NOT NULL,
    content_type_id integer NOT NULL,
    codename character varying(100) NOT NULL
);


ALTER TABLE public.auth_permission OWNER TO postgres;

--
-- Name: auth_permission_id_seq; Type: SEQUENCE; Schema: public; Owner: postgres
--

ALTER TABLE public.auth_permission ALTER COLUMN id ADD GENERATED BY DEFAULT AS IDENTITY (
    SEQUENCE NAME public.auth_permission_id_seq
    START WITH 1
    INCREMENT BY 1
    NO MINVALUE
    NO MAXVALUE
    CACHE 1
);


--
-- Name: django_admin_log; Type: TABLE; Schema: public; Owner: postgres
--

CREATE TABLE public.django_admin_log (
    id integer NOT NULL,
    action_time timestamp with time zone NOT NULL,
    object_id text,
    object_repr character varying(200) NOT NULL,
    action_flag smallint NOT NULL,
    change_message text NOT NULL,
    content_type_id integer,
    user_id bigint NOT NULL,
    CONSTRAINT django_admin_log_action_flag_check CHECK ((action_flag >= 0))
);


ALTER TABLE public.django_admin_log OWNER TO postgres;

--
-- Name: django_admin_log_id_seq; Type: SEQUENCE; Schema: public; Owner: postgres
--

ALTER TABLE public.django_admin_log ALTER COLUMN id ADD GENERATED BY DEFAULT AS IDENTITY (
    SEQUENCE NAME public.django_admin_log_id_seq
    START WITH 1
    INCREMENT BY 1
    NO MINVALUE
    NO MAXVALUE
    CACHE 1
);


--
-- Name: django_content_type; Type: TABLE; Schema: public; Owner: postgres
--

CREATE TABLE public.django_content_type (
    id integer NOT NULL,
    app_label character varying(100) NOT NULL,
    model character varying(100) NOT NULL
);


ALTER TABLE public.django_content_type OWNER TO postgres;

--
-- Name: django_content_type_id_seq; Type: SEQUENCE; Schema: public; Owner: postgres
--

ALTER TABLE public.django_content_type ALTER COLUMN id ADD GENERATED BY DEFAULT AS IDENTITY (
    SEQUENCE NAME public.django_content_type_id_seq
    START WITH 1
    INCREMENT BY 1
    NO MINVALUE
    NO MAXVALUE
    CACHE 1
);


--
-- Name: django_migrations; Type: TABLE; Schema: public; Owner: postgres
--

CREATE TABLE public.django_migrations (
    id bigint NOT NULL,
    app character varying(255) NOT NULL,
    name character varying(255) NOT NULL,
    applied timestamp with time zone NOT NULL
);


ALTER TABLE public.django_migrations OWNER TO postgres;

--
-- Name: django_migrations_id_seq; Type: SEQUENCE; Schema: public; Owner: postgres
--

ALTER TABLE public.django_migrations ALTER COLUMN id ADD GENERATED BY DEFAULT AS IDENTITY (
    SEQUENCE NAME public.django_migrations_id_seq
    START WITH 1
    INCREMENT BY 1
    NO MINVALUE
    NO MAXVALUE
    CACHE 1
);


--
-- Name: django_session; Type: TABLE; Schema: public; Owner: postgres
--

CREATE TABLE public.django_session (
    session_key character varying(40) NOT NULL,
    session_data text NOT NULL,
    expire_date timestamp with time zone NOT NULL
);


ALTER TABLE public.django_session OWNER TO postgres;

--
-- Name: favorites; Type: TABLE; Schema: public; Owner: postgres
--

CREATE TABLE public.favorites (
    id bigint NOT NULL,
    created_at timestamp with time zone NOT NULL,
    property_id bigint NOT NULL,
    user_id bigint NOT NULL
);


ALTER TABLE public.favorites OWNER TO postgres;

--
-- Name: favorites_id_seq; Type: SEQUENCE; Schema: public; Owner: postgres
--

ALTER TABLE public.favorites ALTER COLUMN id ADD GENERATED BY DEFAULT AS IDENTITY (
    SEQUENCE NAME public.favorites_id_seq
    START WITH 1
    INCREMENT BY 1
    NO MINVALUE
    NO MAXVALUE
    CACHE 1
);


--
-- Name: messages; Type: TABLE; Schema: public; Owner: postgres
--

CREATE TABLE public.messages (
    id bigint NOT NULL,
    subject character varying(255),
    body text NOT NULL,
    is_read boolean NOT NULL,
    created_at timestamp with time zone NOT NULL,
    updated_at timestamp with time zone NOT NULL,
    property_id bigint,
    receiver_id bigint NOT NULL,
    sender_id bigint NOT NULL
);


ALTER TABLE public.messages OWNER TO postgres;

--
-- Name: messages_id_seq; Type: SEQUENCE; Schema: public; Owner: postgres
--

ALTER TABLE public.messages ALTER COLUMN id ADD GENERATED BY DEFAULT AS IDENTITY (
    SEQUENCE NAME public.messages_id_seq
    START WITH 1
    INCREMENT BY 1
    NO MINVALUE
    NO MAXVALUE
    CACHE 1
);


--
-- Name: properties; Type: TABLE; Schema: public; Owner: postgres
--

CREATE TABLE public.properties (
    id bigint NOT NULL,
    title character varying(255) NOT NULL,
    description text NOT NULL,
    address character varying(255) NOT NULL,
    city character varying(100) NOT NULL,
    country character varying(100) NOT NULL,
    bedrooms integer NOT NULL,
    bathrooms integer NOT NULL,
    square_feet double precision,
    property_type character varying(50) NOT NULL,
    price_per_month numeric(10,2),
    available_from date,
    is_available boolean NOT NULL,
    created_at timestamp with time zone NOT NULL,
    updated_at timestamp with time zone NOT NULL,
    owner_id bigint NOT NULL,
    view_count integer NOT NULL,
    latitude numeric(9,6),
    longitude numeric(9,6),
    main_image character varying(100),
    gouvernement character varying(100),
    price_per_day numeric(10,2)
);


ALTER TABLE public.properties OWNER TO postgres;

--
-- Name: properties_id_seq; Type: SEQUENCE; Schema: public; Owner: postgres
--

ALTER TABLE public.properties ALTER COLUMN id ADD GENERATED BY DEFAULT AS IDENTITY (
    SEQUENCE NAME public.properties_id_seq
    START WITH 1
    INCREMENT BY 1
    NO MINVALUE
    NO MAXVALUE
    CACHE 1
);


--
-- Name: property_images; Type: TABLE; Schema: public; Owner: postgres
--

CREATE TABLE public.property_images (
    id bigint NOT NULL,
    image character varying(100) NOT NULL,
    caption character varying(255) NOT NULL,
    "order" integer NOT NULL,
    property_id bigint NOT NULL,
    CONSTRAINT property_images_order_check CHECK (("order" >= 0))
);


ALTER TABLE public.property_images OWNER TO postgres;

--
-- Name: property_images_id_seq; Type: SEQUENCE; Schema: public; Owner: postgres
--

ALTER TABLE public.property_images ALTER COLUMN id ADD GENERATED BY DEFAULT AS IDENTITY (
    SEQUENCE NAME public.property_images_id_seq
    START WITH 1
    INCREMENT BY 1
    NO MINVALUE
    NO MAXVALUE
    CACHE 1
);


--
-- Name: reviews; Type: TABLE; Schema: public; Owner: postgres
--

CREATE TABLE public.reviews (
    id bigint NOT NULL,
    rating integer NOT NULL,
    title character varying(255) NOT NULL,
    comment text NOT NULL,
    helpful_count integer NOT NULL,
    created_at timestamp with time zone NOT NULL,
    updated_at timestamp with time zone NOT NULL,
    property_id bigint NOT NULL,
    reviewer_id bigint NOT NULL
);


ALTER TABLE public.reviews OWNER TO postgres;

--
-- Name: reviews_id_seq; Type: SEQUENCE; Schema: public; Owner: postgres
--

ALTER TABLE public.reviews ALTER COLUMN id ADD GENERATED BY DEFAULT AS IDENTITY (
    SEQUENCE NAME public.reviews_id_seq
    START WITH 1
    INCREMENT BY 1
    NO MINVALUE
    NO MAXVALUE
    CACHE 1
);


--
-- Name: users; Type: TABLE; Schema: public; Owner: postgres
--

CREATE TABLE public.users (
    id bigint NOT NULL,
    password character varying(128) NOT NULL,
    last_login timestamp with time zone,
    is_superuser boolean NOT NULL,
    username character varying(150) NOT NULL,
    first_name character varying(150) NOT NULL,
    last_name character varying(150) NOT NULL,
    email character varying(254) NOT NULL,
    is_staff boolean NOT NULL,
    is_active boolean NOT NULL,
    date_joined timestamp with time zone NOT NULL,
    phone character varying(15),
    avatar character varying(100),
    bio text,
    is_property_owner boolean NOT NULL,
    is_verified boolean NOT NULL
);


ALTER TABLE public.users OWNER TO postgres;

--
-- Name: users_groups; Type: TABLE; Schema: public; Owner: postgres
--

CREATE TABLE public.users_groups (
    id bigint NOT NULL,
    user_id bigint NOT NULL,
    group_id integer NOT NULL
);


ALTER TABLE public.users_groups OWNER TO postgres;

--
-- Name: users_groups_id_seq; Type: SEQUENCE; Schema: public; Owner: postgres
--

ALTER TABLE public.users_groups ALTER COLUMN id ADD GENERATED BY DEFAULT AS IDENTITY (
    SEQUENCE NAME public.users_groups_id_seq
    START WITH 1
    INCREMENT BY 1
    NO MINVALUE
    NO MAXVALUE
    CACHE 1
);


--
-- Name: users_id_seq; Type: SEQUENCE; Schema: public; Owner: postgres
--

ALTER TABLE public.users ALTER COLUMN id ADD GENERATED BY DEFAULT AS IDENTITY (
    SEQUENCE NAME public.users_id_seq
    START WITH 1
    INCREMENT BY 1
    NO MINVALUE
    NO MAXVALUE
    CACHE 1
);


--
-- Name: users_user_permissions; Type: TABLE; Schema: public; Owner: postgres
--

CREATE TABLE public.users_user_permissions (
    id bigint NOT NULL,
    user_id bigint NOT NULL,
    permission_id integer NOT NULL
);


ALTER TABLE public.users_user_permissions OWNER TO postgres;

--
-- Name: users_user_permissions_id_seq; Type: SEQUENCE; Schema: public; Owner: postgres
--

ALTER TABLE public.users_user_permissions ALTER COLUMN id ADD GENERATED BY DEFAULT AS IDENTITY (
    SEQUENCE NAME public.users_user_permissions_id_seq
    START WITH 1
    INCREMENT BY 1
    NO MINVALUE
    NO MAXVALUE
    CACHE 1
);


--
-- Data for Name: auth_group; Type: TABLE DATA; Schema: public; Owner: postgres
--

COPY public.auth_group (id, name) FROM stdin;
\.


--
-- Data for Name: auth_group_permissions; Type: TABLE DATA; Schema: public; Owner: postgres
--

COPY public.auth_group_permissions (id, group_id, permission_id) FROM stdin;
\.


--
-- Data for Name: auth_permission; Type: TABLE DATA; Schema: public; Owner: postgres
--

COPY public.auth_permission (id, name, content_type_id, codename) FROM stdin;
1	Can add log entry	1	add_logentry
2	Can change log entry	1	change_logentry
3	Can delete log entry	1	delete_logentry
4	Can view log entry	1	view_logentry
5	Can add permission	2	add_permission
6	Can change permission	2	change_permission
7	Can delete permission	2	delete_permission
8	Can view permission	2	view_permission
9	Can add group	3	add_group
10	Can change group	3	change_group
11	Can delete group	3	delete_group
12	Can view group	3	view_group
13	Can add content type	4	add_contenttype
14	Can change content type	4	change_contenttype
15	Can delete content type	4	delete_contenttype
16	Can view content type	4	view_contenttype
17	Can add session	5	add_session
18	Can change session	5	change_session
19	Can delete session	5	delete_session
20	Can view session	5	view_session
21	Can add Property	6	add_property
22	Can change Property	6	change_property
23	Can delete Property	6	delete_property
24	Can view Property	6	view_property
25	Can add Review	7	add_review
26	Can change Review	7	change_review
27	Can delete Review	7	delete_review
28	Can view Review	7	view_review
29	Can add Favorite	8	add_favorite
30	Can change Favorite	8	change_favorite
31	Can delete Favorite	8	delete_favorite
32	Can view Favorite	8	view_favorite
33	Can add User	9	add_user
34	Can change User	9	change_user
35	Can delete User	9	delete_user
36	Can view User	9	view_user
37	Can add Message	10	add_message
38	Can change Message	10	change_message
39	Can delete Message	10	delete_message
40	Can view Message	10	view_message
41	Can add Property Image	11	add_propertyimage
42	Can change Property Image	11	change_propertyimage
43	Can delete Property Image	11	delete_propertyimage
44	Can view Property Image	11	view_propertyimage
\.


--
-- Data for Name: django_admin_log; Type: TABLE DATA; Schema: public; Owner: postgres
--

COPY public.django_admin_log (id, action_time, object_id, object_repr, action_flag, change_message, content_type_id, user_id) FROM stdin;
\.


--
-- Data for Name: django_content_type; Type: TABLE DATA; Schema: public; Owner: postgres
--

COPY public.django_content_type (id, app_label, model) FROM stdin;
1	admin	logentry
2	auth	permission
3	auth	group
4	contenttypes	contenttype
5	sessions	session
6	properties	property
7	properties	review
8	properties	favorite
9	users	user
10	messaging	message
11	properties	propertyimage
\.


--
-- Data for Name: django_migrations; Type: TABLE DATA; Schema: public; Owner: postgres
--

COPY public.django_migrations (id, app, name, applied) FROM stdin;
1	contenttypes	0001_initial	2026-04-15 00:07:25.848302+02
2	contenttypes	0002_remove_content_type_name	2026-04-15 00:07:25.863455+02
3	auth	0001_initial	2026-04-15 00:07:25.915087+02
4	auth	0002_alter_permission_name_max_length	2026-04-15 00:07:25.919057+02
5	auth	0003_alter_user_email_max_length	2026-04-15 00:07:25.923271+02
6	auth	0004_alter_user_username_opts	2026-04-15 00:07:25.927597+02
7	auth	0005_alter_user_last_login_null	2026-04-15 00:07:25.932125+02
8	auth	0006_require_contenttypes_0002	2026-04-15 00:07:25.93397+02
9	auth	0007_alter_validators_add_error_messages	2026-04-15 00:07:25.938404+02
10	auth	0008_alter_user_username_max_length	2026-04-15 00:07:25.942939+02
11	auth	0009_alter_user_last_name_max_length	2026-04-15 00:07:25.947532+02
12	auth	0010_alter_group_name_max_length	2026-04-15 00:07:25.95531+02
13	auth	0011_update_proxy_permissions	2026-04-15 00:07:25.959875+02
14	auth	0012_alter_user_first_name_max_length	2026-04-15 00:07:25.965896+02
15	users	0001_initial	2026-04-15 00:07:26.020111+02
16	admin	0001_initial	2026-04-15 00:07:26.045357+02
17	admin	0002_logentry_remove_auto_add	2026-04-15 00:07:26.050805+02
18	admin	0003_logentry_add_action_flag_choices	2026-04-15 00:07:26.056934+02
19	properties	0001_initial	2026-04-15 00:07:26.079568+02
20	messaging	0001_initial	2026-04-15 00:07:26.109416+02
21	properties	0002_alter_property_options_remove_property_main_image_and_more	2026-04-15 00:07:26.156716+02
22	properties	0003_property_view_count_favorite	2026-04-15 00:07:26.191325+02
23	sessions	0001_initial	2026-04-15 00:07:26.205391+02
24	properties	0004_propertyimage	2026-04-22 22:47:55.082464+02
25	properties	0005_delete_propertyimage	2026-04-22 22:47:55.09969+02
26	properties	0006_add_images_and_geo	2026-04-23 00:37:13.476049+02
27	properties	0007_add_price_per_day_and_gouvernement	2026-04-23 03:17:44.524789+02
\.


--
-- Data for Name: django_session; Type: TABLE DATA; Schema: public; Owner: postgres
--

COPY public.django_session (session_key, session_data, expire_date) FROM stdin;
46twpbzj4kamjl999rpibxci9ygvfqvr	.eJxVjEEOgjAQRe_StWmGTikdl-45A5l2RkFNSSisjHdXEha6_e-9_zIDb-s4bFWXYRJzNo05_W6J80PLDuTO5TbbPJd1mZLdFXvQavtZ9Hk53L-Dkev4rbkFh66TKyEKeVJwFH1KUSU3ipoZMIZWQsOKKThosWMkDz5mQALz_gDSUzcJ:1wClwS:orl8PTqvfKouHQQrhsBOltfjQ16LHlQN7RuCYirSX_Q	2026-04-29 00:09:08.526441+02
\.


--
-- Data for Name: favorites; Type: TABLE DATA; Schema: public; Owner: postgres
--

COPY public.favorites (id, created_at, property_id, user_id) FROM stdin;
1	2026-04-23 01:15:12.443199+02	4	4
2	2026-04-23 03:52:20.054646+02	4	3
3	2026-05-09 16:54:27.930773+02	1	5
\.


--
-- Data for Name: messages; Type: TABLE DATA; Schema: public; Owner: postgres
--

COPY public.messages (id, subject, body, is_read, created_at, updated_at, property_id, receiver_id, sender_id) FROM stdin;
1	\N	hello	t	2026-04-23 02:19:37.856053+02	2026-04-23 02:23:08.219109+02	\N	3	4
2	\N	hi	t	2026-04-23 02:23:12.274407+02	2026-04-23 02:23:37.466859+02	\N	4	3
3	\N	how can i help you	f	2026-04-23 02:23:55.448062+02	2026-04-23 02:23:55.44807+02	\N	3	4
4	\N	hay	f	2026-04-23 03:24:53.928508+02	2026-04-23 03:24:53.928518+02	\N	4	4
\.


--
-- Data for Name: properties; Type: TABLE DATA; Schema: public; Owner: postgres
--

COPY public.properties (id, title, description, address, city, country, bedrooms, bathrooms, square_feet, property_type, price_per_month, available_from, is_available, created_at, updated_at, owner_id, view_count, latitude, longitude, main_image, gouvernement, price_per_day) FROM stdin;
3	Beautiful Apartment in Downtown	Modern 2-bedroom apartment with city view	123 Main Street	New York	USA	2	1	1200	apartment	1500.00	2026-03-15	t	2026-04-23 00:52:48.12826+02	2026-04-23 00:52:48.128269+02	2	0	\N	\N		\N	\N
2	Beautiful Apartment in Downtown	Modern 2-bedroom apartment with city view	123 Main Street	New York	USA	2	1	1200	apartment	1500.00	2026-03-15	t	2026-04-15 00:28:03.051393+02	2026-04-15 00:28:03.051405+02	3	4	\N	\N	\N	\N	\N
1	Beautiful Apartment in Downtown	Modern 2-bedroom apartment with city view	123 Main Street	New York	USA	2	1	1200	apartment	1500.00	2026-03-15	t	2026-04-15 00:17:30.382461+02	2026-04-15 00:17:30.382475+02	2	2	\N	\N	\N	\N	\N
5	app	modern	sahloul	Kalaa Kebira	Tunisia	2	1	120	apartment	700.00	2026-06-25	t	2026-04-23 03:19:57.324919+02	2026-04-23 03:19:57.324936+02	4	6	\N	\N	properties/téléchargement_1_SZ0F61I.jpg	Sousse	120.00
4	app	moderne	sahloul	Sousse	Tunisie	3	1	120	apartment	120.00	2026-06-23	t	2026-04-23 01:14:15.230957+02	2026-04-23 01:14:15.230971+02	4	16	35.460670	9.887695	properties/téléchargement_1.jpg	\N	\N
\.


--
-- Data for Name: property_images; Type: TABLE DATA; Schema: public; Owner: postgres
--

COPY public.property_images (id, image, caption, "order", property_id) FROM stdin;
\.


--
-- Data for Name: reviews; Type: TABLE DATA; Schema: public; Owner: postgres
--

COPY public.reviews (id, rating, title, comment, helpful_count, created_at, updated_at, property_id, reviewer_id) FROM stdin;
1	5	Amazing apartment!	Great location, clean, and very responsive landlord. Highly recommended!	0	2026-04-15 00:32:33.80463+02	2026-04-15 00:32:33.804639+02	2	3
2	5	2	amazing	0	2026-04-23 03:36:42.749797+02	2026-04-23 03:36:42.749811+02	4	3
\.


--
-- Data for Name: users; Type: TABLE DATA; Schema: public; Owner: postgres
--

COPY public.users (id, password, last_login, is_superuser, username, first_name, last_name, email, is_staff, is_active, date_joined, phone, avatar, bio, is_property_owner, is_verified) FROM stdin;
1	pbkdf2_sha256$600000$zmeTAOhJkSNBsCuMVMJ1zb$KQXmyYkfrUBVJXK9/+dE3bPk+KeCrMIlIjFkHtJZltA=	2026-04-15 00:09:08.524379+02	t	admin				t	t	2026-04-15 00:08:34.680206+02	\N		\N	f	f
2	pbkdf2_sha256$600000$9uu9Z8SK9abIUyLcVKyx85$coEM+9KiC0XArTw1vDCKzos9OLTU201QaMivKR/qg4s=	\N	f	john_doe	John	Doe	john@example.com	f	t	2026-04-15 00:15:14.437349+02	1234567890		\N	f	f
3	pbkdf2_sha256$600000$17RYDSv2JTVvNyqzN0JZFt$DdcRigbHvL3qy1Jy349Cu1RaGzjyUsJ2gyT482/F5LA=	\N	f	jane_smith	Jane	Smith	jane@example.com	f	t	2026-04-15 00:15:51.492917+02	0987654321		\N	f	f
4	pbkdf2_sha256$600000$W5aDrgdbGRsAwtKIQIe2eR$+1HNIkZ8ul5QTzfBQX6+tc2IjUAK2IA6mZ+VuKhMcic=	\N	f	amira	amira	salah	salahamira358@gmail.com	f	t	2026-04-23 00:41:55.731995+02	96881138		\N	f	f
5	pbkdf2_sha256$600000$QHmoit6bn8zXcA5PYJshdE$Rv+t+VS0URT1JPDaXEqKFbLTCpdBs8t4jcsiXp+D51M=	\N	f	ala	ala	salah	alasalah45@gamil.com	f	t	2026-05-09 16:53:36.30796+02	98404213		\N	f	f
\.


--
-- Data for Name: users_groups; Type: TABLE DATA; Schema: public; Owner: postgres
--

COPY public.users_groups (id, user_id, group_id) FROM stdin;
\.


--
-- Data for Name: users_user_permissions; Type: TABLE DATA; Schema: public; Owner: postgres
--

COPY public.users_user_permissions (id, user_id, permission_id) FROM stdin;
\.


--
-- Name: auth_group_id_seq; Type: SEQUENCE SET; Schema: public; Owner: postgres
--

SELECT pg_catalog.setval('public.auth_group_id_seq', 1, false);


--
-- Name: auth_group_permissions_id_seq; Type: SEQUENCE SET; Schema: public; Owner: postgres
--

SELECT pg_catalog.setval('public.auth_group_permissions_id_seq', 1, false);


--
-- Name: auth_permission_id_seq; Type: SEQUENCE SET; Schema: public; Owner: postgres
--

SELECT pg_catalog.setval('public.auth_permission_id_seq', 44, true);


--
-- Name: django_admin_log_id_seq; Type: SEQUENCE SET; Schema: public; Owner: postgres
--

SELECT pg_catalog.setval('public.django_admin_log_id_seq', 1, false);


--
-- Name: django_content_type_id_seq; Type: SEQUENCE SET; Schema: public; Owner: postgres
--

SELECT pg_catalog.setval('public.django_content_type_id_seq', 11, true);


--
-- Name: django_migrations_id_seq; Type: SEQUENCE SET; Schema: public; Owner: postgres
--

SELECT pg_catalog.setval('public.django_migrations_id_seq', 27, true);


--
-- Name: favorites_id_seq; Type: SEQUENCE SET; Schema: public; Owner: postgres
--

SELECT pg_catalog.setval('public.favorites_id_seq', 3, true);


--
-- Name: messages_id_seq; Type: SEQUENCE SET; Schema: public; Owner: postgres
--

SELECT pg_catalog.setval('public.messages_id_seq', 4, true);


--
-- Name: properties_id_seq; Type: SEQUENCE SET; Schema: public; Owner: postgres
--

SELECT pg_catalog.setval('public.properties_id_seq', 5, true);


--
-- Name: property_images_id_seq; Type: SEQUENCE SET; Schema: public; Owner: postgres
--

SELECT pg_catalog.setval('public.property_images_id_seq', 1, false);


--
-- Name: reviews_id_seq; Type: SEQUENCE SET; Schema: public; Owner: postgres
--

SELECT pg_catalog.setval('public.reviews_id_seq', 2, true);


--
-- Name: users_groups_id_seq; Type: SEQUENCE SET; Schema: public; Owner: postgres
--

SELECT pg_catalog.setval('public.users_groups_id_seq', 1, false);


--
-- Name: users_id_seq; Type: SEQUENCE SET; Schema: public; Owner: postgres
--

SELECT pg_catalog.setval('public.users_id_seq', 5, true);


--
-- Name: users_user_permissions_id_seq; Type: SEQUENCE SET; Schema: public; Owner: postgres
--

SELECT pg_catalog.setval('public.users_user_permissions_id_seq', 1, false);


--
-- Name: auth_group auth_group_name_key; Type: CONSTRAINT; Schema: public; Owner: postgres
--

ALTER TABLE ONLY public.auth_group
    ADD CONSTRAINT auth_group_name_key UNIQUE (name);


--
-- Name: auth_group_permissions auth_group_permissions_group_id_permission_id_0cd325b0_uniq; Type: CONSTRAINT; Schema: public; Owner: postgres
--

ALTER TABLE ONLY public.auth_group_permissions
    ADD CONSTRAINT auth_group_permissions_group_id_permission_id_0cd325b0_uniq UNIQUE (group_id, permission_id);


--
-- Name: auth_group_permissions auth_group_permissions_pkey; Type: CONSTRAINT; Schema: public; Owner: postgres
--

ALTER TABLE ONLY public.auth_group_permissions
    ADD CONSTRAINT auth_group_permissions_pkey PRIMARY KEY (id);


--
-- Name: auth_group auth_group_pkey; Type: CONSTRAINT; Schema: public; Owner: postgres
--

ALTER TABLE ONLY public.auth_group
    ADD CONSTRAINT auth_group_pkey PRIMARY KEY (id);


--
-- Name: auth_permission auth_permission_content_type_id_codename_01ab375a_uniq; Type: CONSTRAINT; Schema: public; Owner: postgres
--

ALTER TABLE ONLY public.auth_permission
    ADD CONSTRAINT auth_permission_content_type_id_codename_01ab375a_uniq UNIQUE (content_type_id, codename);


--
-- Name: auth_permission auth_permission_pkey; Type: CONSTRAINT; Schema: public; Owner: postgres
--

ALTER TABLE ONLY public.auth_permission
    ADD CONSTRAINT auth_permission_pkey PRIMARY KEY (id);


--
-- Name: django_admin_log django_admin_log_pkey; Type: CONSTRAINT; Schema: public; Owner: postgres
--

ALTER TABLE ONLY public.django_admin_log
    ADD CONSTRAINT django_admin_log_pkey PRIMARY KEY (id);


--
-- Name: django_content_type django_content_type_app_label_model_76bd3d3b_uniq; Type: CONSTRAINT; Schema: public; Owner: postgres
--

ALTER TABLE ONLY public.django_content_type
    ADD CONSTRAINT django_content_type_app_label_model_76bd3d3b_uniq UNIQUE (app_label, model);


--
-- Name: django_content_type django_content_type_pkey; Type: CONSTRAINT; Schema: public; Owner: postgres
--

ALTER TABLE ONLY public.django_content_type
    ADD CONSTRAINT django_content_type_pkey PRIMARY KEY (id);


--
-- Name: django_migrations django_migrations_pkey; Type: CONSTRAINT; Schema: public; Owner: postgres
--

ALTER TABLE ONLY public.django_migrations
    ADD CONSTRAINT django_migrations_pkey PRIMARY KEY (id);


--
-- Name: django_session django_session_pkey; Type: CONSTRAINT; Schema: public; Owner: postgres
--

ALTER TABLE ONLY public.django_session
    ADD CONSTRAINT django_session_pkey PRIMARY KEY (session_key);


--
-- Name: favorites favorites_pkey; Type: CONSTRAINT; Schema: public; Owner: postgres
--

ALTER TABLE ONLY public.favorites
    ADD CONSTRAINT favorites_pkey PRIMARY KEY (id);


--
-- Name: favorites favorites_user_id_property_id_a52bda6a_uniq; Type: CONSTRAINT; Schema: public; Owner: postgres
--

ALTER TABLE ONLY public.favorites
    ADD CONSTRAINT favorites_user_id_property_id_a52bda6a_uniq UNIQUE (user_id, property_id);


--
-- Name: messages messages_pkey; Type: CONSTRAINT; Schema: public; Owner: postgres
--

ALTER TABLE ONLY public.messages
    ADD CONSTRAINT messages_pkey PRIMARY KEY (id);


--
-- Name: properties properties_pkey; Type: CONSTRAINT; Schema: public; Owner: postgres
--

ALTER TABLE ONLY public.properties
    ADD CONSTRAINT properties_pkey PRIMARY KEY (id);


--
-- Name: property_images property_images_pkey; Type: CONSTRAINT; Schema: public; Owner: postgres
--

ALTER TABLE ONLY public.property_images
    ADD CONSTRAINT property_images_pkey PRIMARY KEY (id);


--
-- Name: reviews reviews_pkey; Type: CONSTRAINT; Schema: public; Owner: postgres
--

ALTER TABLE ONLY public.reviews
    ADD CONSTRAINT reviews_pkey PRIMARY KEY (id);


--
-- Name: reviews reviews_property_id_reviewer_id_b78ee54f_uniq; Type: CONSTRAINT; Schema: public; Owner: postgres
--

ALTER TABLE ONLY public.reviews
    ADD CONSTRAINT reviews_property_id_reviewer_id_b78ee54f_uniq UNIQUE (property_id, reviewer_id);


--
-- Name: users_groups users_groups_pkey; Type: CONSTRAINT; Schema: public; Owner: postgres
--

ALTER TABLE ONLY public.users_groups
    ADD CONSTRAINT users_groups_pkey PRIMARY KEY (id);


--
-- Name: users_groups users_groups_user_id_group_id_fc7788e8_uniq; Type: CONSTRAINT; Schema: public; Owner: postgres
--

ALTER TABLE ONLY public.users_groups
    ADD CONSTRAINT users_groups_user_id_group_id_fc7788e8_uniq UNIQUE (user_id, group_id);


--
-- Name: users users_pkey; Type: CONSTRAINT; Schema: public; Owner: postgres
--

ALTER TABLE ONLY public.users
    ADD CONSTRAINT users_pkey PRIMARY KEY (id);


--
-- Name: users_user_permissions users_user_permissions_pkey; Type: CONSTRAINT; Schema: public; Owner: postgres
--

ALTER TABLE ONLY public.users_user_permissions
    ADD CONSTRAINT users_user_permissions_pkey PRIMARY KEY (id);


--
-- Name: users_user_permissions users_user_permissions_user_id_permission_id_3b86cbdf_uniq; Type: CONSTRAINT; Schema: public; Owner: postgres
--

ALTER TABLE ONLY public.users_user_permissions
    ADD CONSTRAINT users_user_permissions_user_id_permission_id_3b86cbdf_uniq UNIQUE (user_id, permission_id);


--
-- Name: users users_username_key; Type: CONSTRAINT; Schema: public; Owner: postgres
--

ALTER TABLE ONLY public.users
    ADD CONSTRAINT users_username_key UNIQUE (username);


--
-- Name: auth_group_name_a6ea08ec_like; Type: INDEX; Schema: public; Owner: postgres
--

CREATE INDEX auth_group_name_a6ea08ec_like ON public.auth_group USING btree (name varchar_pattern_ops);


--
-- Name: auth_group_permissions_group_id_b120cbf9; Type: INDEX; Schema: public; Owner: postgres
--

CREATE INDEX auth_group_permissions_group_id_b120cbf9 ON public.auth_group_permissions USING btree (group_id);


--
-- Name: auth_group_permissions_permission_id_84c5c92e; Type: INDEX; Schema: public; Owner: postgres
--

CREATE INDEX auth_group_permissions_permission_id_84c5c92e ON public.auth_group_permissions USING btree (permission_id);


--
-- Name: auth_permission_content_type_id_2f476e4b; Type: INDEX; Schema: public; Owner: postgres
--

CREATE INDEX auth_permission_content_type_id_2f476e4b ON public.auth_permission USING btree (content_type_id);


--
-- Name: django_admin_log_content_type_id_c4bce8eb; Type: INDEX; Schema: public; Owner: postgres
--

CREATE INDEX django_admin_log_content_type_id_c4bce8eb ON public.django_admin_log USING btree (content_type_id);


--
-- Name: django_admin_log_user_id_c564eba6; Type: INDEX; Schema: public; Owner: postgres
--

CREATE INDEX django_admin_log_user_id_c564eba6 ON public.django_admin_log USING btree (user_id);


--
-- Name: django_session_expire_date_a5c62663; Type: INDEX; Schema: public; Owner: postgres
--

CREATE INDEX django_session_expire_date_a5c62663 ON public.django_session USING btree (expire_date);


--
-- Name: django_session_session_key_c0390e0f_like; Type: INDEX; Schema: public; Owner: postgres
--

CREATE INDEX django_session_session_key_c0390e0f_like ON public.django_session USING btree (session_key varchar_pattern_ops);


--
-- Name: favorites_property_id_3dbe1fee; Type: INDEX; Schema: public; Owner: postgres
--

CREATE INDEX favorites_property_id_3dbe1fee ON public.favorites USING btree (property_id);


--
-- Name: favorites_user_id_d60eb79f; Type: INDEX; Schema: public; Owner: postgres
--

CREATE INDEX favorites_user_id_d60eb79f ON public.favorites USING btree (user_id);


--
-- Name: messages_property_id_0e1ff511; Type: INDEX; Schema: public; Owner: postgres
--

CREATE INDEX messages_property_id_0e1ff511 ON public.messages USING btree (property_id);


--
-- Name: messages_receiver_id_874b4e0a; Type: INDEX; Schema: public; Owner: postgres
--

CREATE INDEX messages_receiver_id_874b4e0a ON public.messages USING btree (receiver_id);


--
-- Name: messages_sender_id_dc5a0bbd; Type: INDEX; Schema: public; Owner: postgres
--

CREATE INDEX messages_sender_id_dc5a0bbd ON public.messages USING btree (sender_id);


--
-- Name: properties_owner_id_f88fce84; Type: INDEX; Schema: public; Owner: postgres
--

CREATE INDEX properties_owner_id_f88fce84 ON public.properties USING btree (owner_id);


--
-- Name: property_images_property_id_16381827; Type: INDEX; Schema: public; Owner: postgres
--

CREATE INDEX property_images_property_id_16381827 ON public.property_images USING btree (property_id);


--
-- Name: reviews_property_id_aac58c6f; Type: INDEX; Schema: public; Owner: postgres
--

CREATE INDEX reviews_property_id_aac58c6f ON public.reviews USING btree (property_id);


--
-- Name: reviews_reviewer_id_dbb954a8; Type: INDEX; Schema: public; Owner: postgres
--

CREATE INDEX reviews_reviewer_id_dbb954a8 ON public.reviews USING btree (reviewer_id);


--
-- Name: users_groups_group_id_2f3517aa; Type: INDEX; Schema: public; Owner: postgres
--

CREATE INDEX users_groups_group_id_2f3517aa ON public.users_groups USING btree (group_id);


--
-- Name: users_groups_user_id_f500bee5; Type: INDEX; Schema: public; Owner: postgres
--

CREATE INDEX users_groups_user_id_f500bee5 ON public.users_groups USING btree (user_id);


--
-- Name: users_user_permissions_permission_id_6d08dcd2; Type: INDEX; Schema: public; Owner: postgres
--

CREATE INDEX users_user_permissions_permission_id_6d08dcd2 ON public.users_user_permissions USING btree (permission_id);


--
-- Name: users_user_permissions_user_id_92473840; Type: INDEX; Schema: public; Owner: postgres
--

CREATE INDEX users_user_permissions_user_id_92473840 ON public.users_user_permissions USING btree (user_id);


--
-- Name: users_username_e8658fc8_like; Type: INDEX; Schema: public; Owner: postgres
--

CREATE INDEX users_username_e8658fc8_like ON public.users USING btree (username varchar_pattern_ops);


--
-- Name: auth_group_permissions auth_group_permissio_permission_id_84c5c92e_fk_auth_perm; Type: FK CONSTRAINT; Schema: public; Owner: postgres
--

ALTER TABLE ONLY public.auth_group_permissions
    ADD CONSTRAINT auth_group_permissio_permission_id_84c5c92e_fk_auth_perm FOREIGN KEY (permission_id) REFERENCES public.auth_permission(id) DEFERRABLE INITIALLY DEFERRED;


--
-- Name: auth_group_permissions auth_group_permissions_group_id_b120cbf9_fk_auth_group_id; Type: FK CONSTRAINT; Schema: public; Owner: postgres
--

ALTER TABLE ONLY public.auth_group_permissions
    ADD CONSTRAINT auth_group_permissions_group_id_b120cbf9_fk_auth_group_id FOREIGN KEY (group_id) REFERENCES public.auth_group(id) DEFERRABLE INITIALLY DEFERRED;


--
-- Name: auth_permission auth_permission_content_type_id_2f476e4b_fk_django_co; Type: FK CONSTRAINT; Schema: public; Owner: postgres
--

ALTER TABLE ONLY public.auth_permission
    ADD CONSTRAINT auth_permission_content_type_id_2f476e4b_fk_django_co FOREIGN KEY (content_type_id) REFERENCES public.django_content_type(id) DEFERRABLE INITIALLY DEFERRED;


--
-- Name: django_admin_log django_admin_log_content_type_id_c4bce8eb_fk_django_co; Type: FK CONSTRAINT; Schema: public; Owner: postgres
--

ALTER TABLE ONLY public.django_admin_log
    ADD CONSTRAINT django_admin_log_content_type_id_c4bce8eb_fk_django_co FOREIGN KEY (content_type_id) REFERENCES public.django_content_type(id) DEFERRABLE INITIALLY DEFERRED;


--
-- Name: django_admin_log django_admin_log_user_id_c564eba6_fk_users_id; Type: FK CONSTRAINT; Schema: public; Owner: postgres
--

ALTER TABLE ONLY public.django_admin_log
    ADD CONSTRAINT django_admin_log_user_id_c564eba6_fk_users_id FOREIGN KEY (user_id) REFERENCES public.users(id) DEFERRABLE INITIALLY DEFERRED;


--
-- Name: favorites favorites_property_id_3dbe1fee_fk_properties_id; Type: FK CONSTRAINT; Schema: public; Owner: postgres
--

ALTER TABLE ONLY public.favorites
    ADD CONSTRAINT favorites_property_id_3dbe1fee_fk_properties_id FOREIGN KEY (property_id) REFERENCES public.properties(id) DEFERRABLE INITIALLY DEFERRED;


--
-- Name: favorites favorites_user_id_d60eb79f_fk_users_id; Type: FK CONSTRAINT; Schema: public; Owner: postgres
--

ALTER TABLE ONLY public.favorites
    ADD CONSTRAINT favorites_user_id_d60eb79f_fk_users_id FOREIGN KEY (user_id) REFERENCES public.users(id) DEFERRABLE INITIALLY DEFERRED;


--
-- Name: messages messages_property_id_0e1ff511_fk_properties_id; Type: FK CONSTRAINT; Schema: public; Owner: postgres
--

ALTER TABLE ONLY public.messages
    ADD CONSTRAINT messages_property_id_0e1ff511_fk_properties_id FOREIGN KEY (property_id) REFERENCES public.properties(id) DEFERRABLE INITIALLY DEFERRED;


--
-- Name: messages messages_receiver_id_874b4e0a_fk_users_id; Type: FK CONSTRAINT; Schema: public; Owner: postgres
--

ALTER TABLE ONLY public.messages
    ADD CONSTRAINT messages_receiver_id_874b4e0a_fk_users_id FOREIGN KEY (receiver_id) REFERENCES public.users(id) DEFERRABLE INITIALLY DEFERRED;


--
-- Name: messages messages_sender_id_dc5a0bbd_fk_users_id; Type: FK CONSTRAINT; Schema: public; Owner: postgres
--

ALTER TABLE ONLY public.messages
    ADD CONSTRAINT messages_sender_id_dc5a0bbd_fk_users_id FOREIGN KEY (sender_id) REFERENCES public.users(id) DEFERRABLE INITIALLY DEFERRED;


--
-- Name: properties properties_owner_id_f88fce84_fk_users_id; Type: FK CONSTRAINT; Schema: public; Owner: postgres
--

ALTER TABLE ONLY public.properties
    ADD CONSTRAINT properties_owner_id_f88fce84_fk_users_id FOREIGN KEY (owner_id) REFERENCES public.users(id) DEFERRABLE INITIALLY DEFERRED;


--
-- Name: property_images property_images_property_id_16381827_fk_properties_id; Type: FK CONSTRAINT; Schema: public; Owner: postgres
--

ALTER TABLE ONLY public.property_images
    ADD CONSTRAINT property_images_property_id_16381827_fk_properties_id FOREIGN KEY (property_id) REFERENCES public.properties(id) DEFERRABLE INITIALLY DEFERRED;


--
-- Name: reviews reviews_property_id_aac58c6f_fk_properties_id; Type: FK CONSTRAINT; Schema: public; Owner: postgres
--

ALTER TABLE ONLY public.reviews
    ADD CONSTRAINT reviews_property_id_aac58c6f_fk_properties_id FOREIGN KEY (property_id) REFERENCES public.properties(id) DEFERRABLE INITIALLY DEFERRED;


--
-- Name: reviews reviews_reviewer_id_dbb954a8_fk_users_id; Type: FK CONSTRAINT; Schema: public; Owner: postgres
--

ALTER TABLE ONLY public.reviews
    ADD CONSTRAINT reviews_reviewer_id_dbb954a8_fk_users_id FOREIGN KEY (reviewer_id) REFERENCES public.users(id) DEFERRABLE INITIALLY DEFERRED;


--
-- Name: users_groups users_groups_group_id_2f3517aa_fk_auth_group_id; Type: FK CONSTRAINT; Schema: public; Owner: postgres
--

ALTER TABLE ONLY public.users_groups
    ADD CONSTRAINT users_groups_group_id_2f3517aa_fk_auth_group_id FOREIGN KEY (group_id) REFERENCES public.auth_group(id) DEFERRABLE INITIALLY DEFERRED;


--
-- Name: users_groups users_groups_user_id_f500bee5_fk_users_id; Type: FK CONSTRAINT; Schema: public; Owner: postgres
--

ALTER TABLE ONLY public.users_groups
    ADD CONSTRAINT users_groups_user_id_f500bee5_fk_users_id FOREIGN KEY (user_id) REFERENCES public.users(id) DEFERRABLE INITIALLY DEFERRED;


--
-- Name: users_user_permissions users_user_permissio_permission_id_6d08dcd2_fk_auth_perm; Type: FK CONSTRAINT; Schema: public; Owner: postgres
--

ALTER TABLE ONLY public.users_user_permissions
    ADD CONSTRAINT users_user_permissio_permission_id_6d08dcd2_fk_auth_perm FOREIGN KEY (permission_id) REFERENCES public.auth_permission(id) DEFERRABLE INITIALLY DEFERRED;


--
-- Name: users_user_permissions users_user_permissions_user_id_92473840_fk_users_id; Type: FK CONSTRAINT; Schema: public; Owner: postgres
--

ALTER TABLE ONLY public.users_user_permissions
    ADD CONSTRAINT users_user_permissions_user_id_92473840_fk_users_id FOREIGN KEY (user_id) REFERENCES public.users(id) DEFERRABLE INITIALLY DEFERRED;


--
-- PostgreSQL database dump complete
--

\unrestrict eU6JsBKikF92HzbTg9RDad5eGI7DRoFOWyebxnn6glJYAjUtE7oqXUcF1p2XFxN

